player,predicted_minutes
Bukayo Saka,90
Martin Ødegaard,90
Kai Havertz,90
Gabriel Fernando de Jesus,70
Gabriel Martinelli Silva,70
Leandro Trossard,20
Declan Rice,90
Benjamin White,90
Gabriel dos Santos Magalhães,90
William Saliba,90
Riccardo Calafiori,0
Eddie Nketiah,20
Fábio Ferreira Vieira,0
Jurriën Timber,0
David Raya Martin,90
Jorge Luiz Frello Filho,0
Jakub Kiwior,10
Thomas Partey,0
Tomiyasu Takehiro,20
Oleksandr Zinchenko,70
Reiss Nelson,10
Ethan Nwaneri,0
Kieran Tierney,0
Myles Lewis-Skelly,0
Aaron Ramsdale,0
Karl Hein,0