,player_id,fpl_api_id,name
0,1,,Fábio Ferreira Vieira
1,2,,Gabriel Fernando de Jesus
2,3,,Gabriel dos Santos Magalhães
3,4,,Kai Havertz
4,5,,Karl Hein
5,6,,Jurriën Timber
6,7,,Jorge Luiz Frello Filho
7,8,,Jakub Kiwior
8,9,,Gabriel Martinelli Silva
9,10,,Ethan Nwaneri
10,11,,Martin Ødegaard
11,12,,David Raya Martin
12,13,,Declan Rice
13,14,,Bukayo Saka
14,15,,William Saliba
15,16,,Thomas Partey
16,17,,Kieran Tierney
17,18,,Tomiyasu Takehiro
18,19,,Leandro Trossard
19,20,,Benjamin White
20,21,,Oleksandr Zinchenko
21,22,,Norberto Murara Neto
22,23,,Raheem Sterling
23,24,,Riccardo Calafiori
24,25,,Myles Lewis-Skelly
25,26,,Mikel Merino
26,27,,Salah-Eddine Oulad M'hand
27,28,,Tommy Setford
28,29,,Maldini Kacurri
29,30,,Ismeal Kabia
30,31,,Josh Nichols
31,32,,Nathan Butler-Oyedeji
32,33,,Mikel Arteta
33,34,,Jack Porter
34,35,,Jimi Gower
35,36,,Jack Henry-Francis
36,37,,Brayden Clarke
37,38,,Leon Bailey
38,39,,Ross Barkley
39,40,,Enzo Barrenechea
40,41,,Emiliano Buendía Stati
41,42,,Matty Cash
42,43,,Leander Dendoncker
43,44,,Moussa Diaby
44,45,,Diego Carlos Santos Silva
45,46,,Lucas Digne
46,47,,Lewis Dobbin
47,48,,Jhon Durán
48,49,,Joe Gauci
49,50,,Kortney Hause
50,51,,Samuel Iling-Junior
51,52,,Boubacar Kamara
52,53,,Kaine Kesler-Hayden
53,54,,Ezri Konsa Ngoyo
54,55,,Ian Maatsen
55,56,,Filip Marschall
56,57,,Emiliano Martínez Romero
57,58,,John McGinn
58,59,,Tyrone Mings
59,60,,Kosta Nedeljković
60,61,,Robin Olsen
61,62,,Pau Torres
62,63,,Jacob Ramsey
63,64,,Morgan Rogers
64,65,,Viljami Sinisalo
65,66,,Lino da Cruz Sousa
66,67,,Youri Tielemans
67,68,,Ollie Watkins
68,69,,Axel Disasi
69,70,,Amadou Onana
70,71,,Marcus Rashford
71,72,,Lamare Bogarde
72,73,,Sil Swinkels
73,74,,Oliwier Zych
74,75,,Kadan Young
75,76,,Ben Broggio
76,77,,Jamaldeen Jimoh
77,78,,Donyell Malen
78,79,,Andrés García
79,80,,Unai Emery
80,81,,Marco Asensio
81,82,,Max Aarons
82,83,,Tyler Adams
83,84,,Jaidon Anthony
84,85,,David Brooks
85,86,,Ryan Christie
86,87,,Lewis Cook
87,88,,Enes Ünal
88,89,,Romain Faivre
89,90,,Hamed Traorè
90,91,,James Hill
91,92,,Daniel Jebbison
92,93,,Milos Kerkez
93,94,,Justin Kluivert
94,95,,Chris Mepham
95,96,,Dango Ouattara
96,97,,Alex Paulsen
97,98,,Philip Billing
98,99,,Alex Scott
99,100,,Antoine Semenyo
100,101,,Marcos Senesi
101,102,,Luis Sinisterra
102,103,,Adam Smith
103,104,,Marcus Tavernier
104,105,,Mark Travers
105,106,,Illia Zabarnyi
106,107,,Kepa Arrizabalaga
107,108,,Dean Huijsen
108,109,,Julián Araujo Zúñiga
109,110,,Will Dennis
110,111,,Francisco Evanilson de Lima Barbosa
111,112,,Max Kinsey
112,113,,Ben Winterburn
113,114,,Archie Harris
114,115,,Remy Rees-Dottin
115,116,,Matai Akinmboni
116,117,,Julio Soler
117,118,,Daniel Adu-Adjei
118,119,,Dominic Sadi
119,120,,Callan McKenna
120,121,,Zain Silcott-Duberry
121,122,,Andoni Iraola
122,123,,Kristoffer Ajer
123,124,,Ethan Brierley
124,125,,Nathan Collins
125,126,,Mikkel Damsgaard
126,127,,Josh Dasilva
127,128,,Mark Flekken
128,129,,Rico Henry
129,130,,Aaron Hickey
130,131,,Vitaly Janelt
131,132,,Mathias Jensen
132,133,,Kim Ji-soo
133,134,,Yunus Emre Konak
134,135,,Keane Lewis-Potter
135,136,,Bryan Mbeumo
136,137,,Ben Mee
137,138,,Christian Nørgaard
138,139,,Frank Onyeka
139,140,,Myles Peart-Harris
140,141,,Ethan Pinnock
141,142,,Mads Roerslev Rasmussen
142,143,,Kevin Schade
143,144,,Igor Thiago Nascimento Rodrigues
144,145,,Ivan Toney
145,146,,Hákon Valdimarsson
146,147,,Yoane Wissa
147,148,,Yehor Yarmoliuk
148,149,,Mathias Jorgensen
149,150,,Fábio Freitas Gouveia Carvalho
150,151,,Sepp van den Berg
151,152,,Ryan Trevitt
152,153,,Gustavo Nunes Fernandes Gomes
153,154,,Jayden Meghoma
154,155,,Tony Yogane
155,156,,Paris Maghoma
156,157,,Benjamin Arthur
157,158,,Thomas Frank
158,159,,Michael Kayode
159,160,,Julian Eyestone
160,161,,Iwan Morgan
161,162,,Benjamin Fredrick
162,163,,Simon Adingra
163,164,,Benicio Baker-Boaitey
164,165,,Carlos Baleba
165,166,,Valentín Barco
166,167,,Amario Cozier-Duberry
167,168,,Mahmoud Dahoud
168,169,,Lewis Dunk
169,170,,Pervis Estupiñán
170,171,,Billy Gilmour
171,172,,Pascal Groß
172,173,,Jack Hinshelwood
173,174,,Ibrahim Osman
174,175,,Igor Julio dos Santos de Paulo
175,176,,João Pedro Junqueira de Jesus
176,177,,Kacper Kozłowski
177,178,,Tariq Lamptey
178,179,,Solly March
179,180,,Adrian Mazilu
180,181,,James Milner
181,182,,Yankuba Minteh
182,183,,Mitoma Kaoru
183,184,,Jakub Moder
184,185,,Mark O’Mahony
185,186,,Odeluga Offiah
186,187,,Cameron Peupion
187,188,,Jeremy Sarmiento Morante
188,189,,Jason Steele
189,190,,Deniz Undav
190,191,,Jan Paul van Hecke
191,192,,Joël Veltman
192,193,,Bart Verbruggen
193,194,,Adam Webster
194,195,,Danny Welbeck
195,196,,Mats Wieffer
196,197,,Brajan Gruda
197,198,,Yasin Ayari
198,199,,Andrew Moran
199,200,,Carl Rushworth
200,201,,Georginio Rutter
201,202,,Ferdi Kadioglu
202,203,,Matt O'Riley
203,204,,Imari Samuels
204,205,,Killian Cahill
205,206,,Ruairi McConville
206,207,,Jacob Slater
207,208,,Diego Gómez
208,209,,Fabian Hürzeler
209,210,,Joe Knight
210,211,,Eiran Cashin
211,212,,Charlie Tasker
212,213,,Freddie Simmonds
213,214,,Harry Howell
214,215,,Andrey Nascimento dos Santos
215,216,,Ângelo Gabriel Borges Damaceno
216,217,,Benoît Badiashile
217,218,,Lucas Bergström
218,219,,Marcus Bettinelli
219,220,,Moisés Caicedo Corozo
220,221,,Cesare Casadei
221,222,,Trevoh Chalobah
222,223,,Carney Chukwuemeka
223,224,,Levi Colwill
224,225,,Marc Cucurella Saseta
225,226,,David Datro Fofana
226,227,,Deivid Washington de Souza Eugênio
227,228,,Kiernan Dewsbury-Hall
228,229,,Enzo Fernández
229,230,,Conor Gallagher
230,231,,Alfie Gilchrist
231,232,,Malo Gusto
232,233,,Reece James
233,234,,Omari Kellyman
234,235,,Roméo Lavia
235,236,,Romelu Lukaku Bolingoli
236,237,,Malang Sarr
237,238,,Noni Madueke
238,239,,Marc Guiu Paz
239,240,,Mykhailo Mudryk
240,241,,Nicolas Jackson
241,242,,Christopher Nkunku
242,243,,Cole Palmer
243,244,,Đorđe Petrović
244,245,,Renato Palma Veiga
245,246,,Robert Sánchez
246,247,,Tosin Adarabioyo
247,248,,Wesley Fofana
248,249,,Jadon Sancho
249,250,,Pedro Lomba Neto
250,251,,Caleb Wiley
251,252,,Filip Jørgensen
252,253,,João Félix Sequeira
253,254,,Samuel Rak-Sakyi
254,255,,Tyrique George
255,256,,Josh Acheampong
256,257,,Enzo Maresca
257,258,,Mathis Amougou
258,259,,Aaron Anselmino
259,260,,Shumaira Mheuka
260,261,,Ishé Samuels-Smith
261,262,,Genesis Antwi
262,263,,Eddie Nketiah
263,264,,Ben Chilwell
264,265,,Naouirou Ahamada
265,266,,Cheick Doucouré
266,267,,Chris Richards
267,268,,Chadi Riad Dnanou
268,269,,Nathaniel Clyne
269,270,,Malcolm Ebiowei
270,271,,Eberechi Eze
271,272,,Marc Guéhi
272,273,,Dean Henderson
273,274,,Rob Holding
274,275,,Will Hughes
275,276,,Daichi Kamada
276,277,,Jefferson Lerma Solís
277,278,,Jean-Philippe Mateta
278,279,,Matheus França de Oliveira
279,280,,Remi Matthews
280,281,,Tyrick Mitchell
281,282,,Daniel Muñoz
282,283,,David Ozoh
283,284,,Jesurun Rak-Sakyi
284,285,,Jeffrey Schlupp
285,286,,Joel Ward
286,287,,Adam Wharton
287,288,,Matt Turner
288,289,,Ismaïla Sarr
289,290,,Franco Umeh-Chibueze
290,291,,Justin Devenny
291,292,,Asher Agbinone
292,293,,Kaden Rodney
293,294,,Maxence Lacroix
294,295,,Caleb Kporha
295,296,,Zach Marsh
296,297,,Romain Esse
297,298,,Oliver Glasner
298,299,,Armando Broja
299,300,,Abdoulaye Doucouré
300,301,,Norberto Bercique Gomes Betuncal
301,302,,Jarrad Branthwaite
302,303,,Dominic Calvert-Lewin
303,304,,Séamus Coleman
304,305,,Idrissa Gueye
305,306,,James Garner
306,307,,Jack Harrison
307,308,,Mason Holgate
308,309,,Tim Iroegbunam
309,310,,João Neves Virgínia
310,311,,Michael Keane
311,312,,Neal Maupay
312,313,,Dwight McNeil
313,314,,Vitalii Mykolenko
314,315,,Iliman Ndiaye
315,316,,Nathan Patterson
316,317,,Jordan Pickford
317,318,,James Tarkowski
318,319,,Youssef Ramalho Chermiti
319,320,,Ashley Young
320,321,,Carlos Alcaraz Durán
321,322,,Jesper Lindstrøm
322,323,,Jake O'Brien
323,324,,Harrison Armstrong
324,325,,Jenson Metcalfe
325,326,,Asmir Begovic
326,327,,Roman Dixon
327,328,,Orel Mangala
328,329,,Callum Bates
329,330,,Martin Sherif
330,331,,David Moyes
331,332,,Isaac Heath
332,333,,Coby Ebere
333,334,,Reece Welch
334,335,,Reiss Nelson
335,336,,Emile Smith Rowe
336,337,,Joachim Andersen
337,338,,Adama Traoré
338,339,,Andreas Hoelgebaum Pereira
339,340,,Calvin Bassey
340,341,,Steven Benda
341,342,,Tom Cairney
342,343,,Timothy Castagne
343,344,,Issa Diop
344,345,,Luke Harris
345,346,,Alex Iwobi
346,347,,Bernd Leno
347,348,,Saša Lukić
348,349,,Kevin Mbabu
349,350,,Rodrigo Muniz Carvalho
350,351,,Raúl Jiménez
351,352,,Tim Ream
352,353,,Harrison Reed
353,354,,Antonee Robinson
354,355,,Jay Stansfield
355,356,,Kenny Tete
356,357,,Carlos Vinícius Alves Morais
357,358,,Harry Wilson
358,359,,Ryan Sessegnon
359,360,,Jorge Cuenca Barreno
360,361,,Josh King
361,362,,Martial Godo
362,363,,Sander Berge
363,364,,Samuel Amissah
364,365,,Marco Alexandre Saraiva da Silva
365,366,,Willian Borges da Silva
366,367,,Julio Enciso
367,368,,Ali Al-Hamadi
368,369,,Elkan Baggott
369,370,,Nathan Broadhead
370,371,,Cameron Burgess
371,372,,Wes Burns
372,373,,Conor Chaplin
373,374,,Harry Clarke
374,375,,Leif Davis
375,376,,Liam Delap
376,377,,George Edmundson
377,378,,Jacob Greaves
378,379,,Marcus Myers-Harness
379,380,,George Hirst
380,381,,Cameron Humphreys
381,382,,Omari Giraud-Hutchinson
382,383,,Ben Johnson
383,384,,Freddie Ladapo
384,385,,Massimo Luongo
385,386,,Sam Morsy
386,387,,Corrie Ndaba
387,388,,Cieran Slicker
388,389,,Jack Taylor
389,390,,Axel Tuanzebe
390,391,,Christian Walton
391,392,,Luke Woolfenden
392,393,,Kalvin Phillips
393,394,,Arijanet Muric
394,395,,Jaden Philogene
395,396,,Conor Townsend
396,397,,Sam Szmodics
397,398,,Jens Cajuste
398,399,,Dara O'Shea
399,400,,Jack Clarke
400,401,,Chiedozie Ogbene
401,402,,Ben Godfrey
402,403,,Kieran McKenna
403,404,,Alex Palmer
404,405,,Somto Boniface
405,406,,Tom Taylor
406,407,,Facundo Buonanotte
407,408,,Jordan Ayew
408,409,,Odsonne Edouard
409,410,,Boubakary Soumaré
410,411,,Tom Cannon
411,412,,Hamza Choudhury
412,413,,Conor Coady
413,414,,Patson Daka
414,415,,Bobby De Cordova-Reid
415,416,,Wout Faes
416,417,,Michael Golding
417,418,,Mads Hermansen
418,419,,Daniel Iversen
419,420,,James Justin
420,421,,Victor Kristiansen
421,422,,Wanya Marçal-Madivádua
422,423,,Stephy Mavididi
423,424,,Kasey McAteer
424,425,,Wilfred Ndidi
425,426,,Caleb Okoli
426,427,,Ricardo Barbosa Pereira
427,428,,Harry Souttar
428,429,,Jakub Stolarczyk
429,430,,Luke Thomas
430,431,,Jamie Vardy
431,432,,Jannik Vestergaard
432,433,,Danny Ward
433,434,,Harry Winks
434,435,,Oliver Skipp
435,436,,Abdul Fatawu
436,437,,Will Alves
437,438,,Ben Nelson
438,439,,Bilal El Khannouss
439,440,,Henry Cartwright
440,441,,Thomas Wilson-Brown
441,442,,Woyo Coulibaly
442,443,,Ruud van Nistelrooij
443,444,,Jeremy Monga
444,445,,Olabade Aluko
445,446,,Jake Evans
446,447,,Sammy Braybrooke
447,448,,Alisson Ramses Becker
448,449,,Trent Alexander-Arnold
449,450,,Stefan Bajčetić Maquieira
450,451,,Conor Bradley
451,452,,Bobby Clark
452,453,,Darwin Núñez Ribeiro
453,454,,Diogo Teixeira da Silva
454,455,,Ben Doak
455,456,,Harvey Elliott
456,457,,Endo Wataru
457,458,,Cody Gakpo
458,459,,Joe Gomez
459,460,,Ryan Gravenberch
460,461,,Curtis Jones
461,462,,Caoimhin Kelleher
462,463,,Ibrahima Konaté
463,464,,Luis Díaz
464,465,,Mohamed Salah
465,466,,Alexis Mac Allister
466,467,,James McConnell
467,468,,Tyler Morton
468,469,,Nathaniel Phillips
469,470,,Jarell Quansah
470,471,,Rhys Williams
471,472,,Andrew Robertson
472,473,,Dominik Szoboszlai
473,474,,Konstantinos Tsimikas
474,475,,Virgil van Dijk
475,476,,Federico Chiesa
476,477,,Vítezslav Jaros
477,478,,Harvey Davies
478,479,,Treymaurice Nyoni
479,480,,Amara Nallo
480,481,,Jayden Danns
481,482,,Arne Slot
482,483,,Manuel Akanji
483,484,,Nathan Aké
484,485,,Bernardo Veiga de Carvalho e Silva
485,486,,Oscar Bobb
486,487,,Scott Carson
487,488,,Kevin De Bruyne
488,489,,Jérémy Doku
489,490,,Ederson Santana de Moraes
490,491,,Phil Foden
491,492,,Jack Grealish
492,493,,Joško Gvardiol
493,494,,Erling Haaland
494,495,,Julián Álvarez
495,496,,João Cavaco Cancelo
496,497,,Mateo Kovačić
497,498,,Rico Lewis
498,499,,Matheus Luiz Nunes
499,500,,James McAtee
500,501,,Stefan Ortega Moreno
501,502,,Rodrigo 'Rodri' Hernandez
502,503,,Rúben Gato Alves Dias
503,504,,John Stones
504,505,,Kyle Walker
505,506,,Sávio 'Savinho' Moreira de Oliveira
506,507,,Nico O'Reilly
507,508,,Ilkay Gündogan
508,509,,Issa Kaboré
509,510,,Jacob Wright
510,511,,Jahmai Simpson-Pusey
511,512,,Josh Wilson-Esbrand
512,513,,Divin Mubama
513,514,,Max Alleyne
514,515,,Spike Brits
515,516,,Abdukodir Khusanov
516,517,,Vitor de Oliveira Nunes dos Reis
517,518,,Pep Guardiola
518,519,,Omar Marmoush
519,520,,Nico González
520,521,,Claudio Echeverri
521,522,,Amad Diallo
522,523,,Antony Matheus dos Santos
523,524,,Bruno Borges Fernandes
524,525,,Altay Bayindir
525,526,,Carlos Henrique Casimiro
526,527,,Diogo Dalot Teixeira
527,528,,Christian Eriksen
528,529,,Jonny Evans
529,530,,Alejandro Garnacho
530,531,,Hannibal Mejbri
531,532,,Tom Heaton
532,533,,Rasmus Højlund
533,534,,Victor Lindelöf
534,535,,Harry Maguire
535,536,,Kobbie Mainoo
536,537,,Tyrell Malacia
537,538,,Lisandro Martínez
538,539,,Scott McTominay
539,540,,Mason Mount
540,541,,André Onana
541,542,,Facundo Pellistri Rebollo
542,543,,Luke Shaw
543,544,,Joshua Zirkzee
544,545,,Leny Yoro
545,546,,Matthijs de Ligt
546,547,,Noussair Mazraoui
547,548,,Toby Collyer
548,549,,Ethan Wheatley
549,550,,Manuel Ugarte
550,551,,Ayden Heaven
551,552,,Jack Fletcher
552,553,,Harry Amass
553,554,,Jayce Fitzgerald
554,555,,Godwill Kukonki
555,556,,Ruben Filipe Marques Diogo Amorim
556,557,,Elyh Harrison
557,558,,Patrick Dorgu
558,559,,Chido Obi-Martin
559,560,,Tyler Fredricson
560,561,,Jack Moorhouse
561,562,,Sékou Koné
562,563,,Hubert Graczyk
563,564,,Dermot Mee
564,565,,Alex Murphy
565,566,,Miguel Almirón Rejala
566,567,,Harvey Barnes
567,568,,Sven Botman
568,569,,Bruno Guimarães Rodriguez Moura
569,570,,Dan Burn
570,571,,Martin Dúbravka
571,572,,Anthony Gordon
572,573,,Lewis Hall
573,574,,Isaac Hayden
574,575,,Alexander Isak
575,576,,Jacob Murphy
576,577,,Joelinton Cássio Apolinário de Lira
577,578,,Lloyd Kelly
578,579,,Emil Krafth
579,580,,Garang Kuol
580,581,,Jamaal Lascelles
581,582,,Jamal Lewis
582,583,,Tino Livramento
583,584,,Sean Longstaff
584,585,,Lewis Miley
585,586,,Odysseas Vlachodimos
586,587,,Nick Pope
587,588,,John Ruddy
588,589,,Fabian Schär
589,590,,Matt Targett
590,591,,Sandro Tonali
591,592,,Kieran Trippier
592,593,,Joe White
593,594,,Joe Willock
594,595,,Callum Wilson
595,596,,Miodrag Pivaš
596,597,,William Osula
597,598,,Eddie Howe
598,599,,Sean Neave
599,600,,Álex Moreno Lopera
600,601,,Ola Aina
601,602,,Elliot Anderson
602,603,,Taiwo Awoniyi
603,604,,Willy Boly
604,605,,Josh Bowler
605,606,,Carlos Miguel dos Santos Pereira
606,607,,Eric da Silva Moreira
607,608,,Danilo dos Santos de Oliveira
608,609,,Emmanuel Dennis
609,610,,Nicolás Domínguez
610,611,,Anthony Elanga
611,612,,Morgan Gibbs-White
612,613,,Callum Hudson-Odoi
613,614,,Alex Mighten
614,615,,Murillo Santiago Costa dos Santos
615,616,,Neco Williams
616,617,,Omar Richards
617,618,,Lewis O'Brien
618,619,,Andrew Omobamidele
619,620,,Jonathan Panzo
620,621,,Ibrahim Sangaré
621,622,,Matz Sels
622,623,,Harry Toffolo
623,624,,Hwang Ui-jo
624,625,,Chris Wood
625,626,,Joe Worrall
626,627,,Ryan Yates
627,628,,Nikola Milenković
628,629,,João Pedro Ferreira Silva
629,630,,Ramón Sosa
630,631,,Felipe Rodrigues da Silva
631,632,,Zach Abbott
632,633,,Wayne Hennessey
633,634,,Nuno Herlander Simões Espírito Santo
634,635,,Aaron Ramsdale
635,636,,Cameron Archer
636,637,,Lesley Ugochukwu
637,638,,Ryan Fraser
638,639,,Samuel Amo-Ameyaw
639,640,,Joe Aribo
640,641,,Adam Armstrong
641,642,,Gavin Bazunu
642,643,,Jan Bednarek
643,644,,Armel Bella-Kotchap
644,645,,James Bree
645,646,,Shea Charles
646,647,,Samuel Edozie
647,648,,Ronnie Edwards
648,649,,Taylor Harwood-Bellis
649,650,,Kamaldeen Sulemana
650,651,,Adam Lallana
651,652,,Juan Larios López
652,653,,Mateusz Lis
653,654,,Joe Lumley
654,655,,Ryan Manning
655,656,,Sékou Mara
656,657,,Alex McCarthy
657,658,,Paul Onuachu
658,659,,Will Smallbone
659,660,,Jack Stephens
660,661,,Ross Stewart
661,662,,Sugawara Yukinari
662,663,,Charlie Taylor
663,664,,Kyle Walker-Peters
664,665,,Nathan Wood-Gordon
665,666,,Maxwel Cornet
666,667,,Flynn Downes
667,668,,Ben Brereton Díaz
668,669,,Tyler Dibling
669,670,,Mateus Gonçalo Espanha Fernandes
670,671,,Joseph O'Brien-Whitmarsh
671,672,,Welington Damascena Santos
672,673,,Joachim Kayi-Sanda
673,674,,Albert Grønbæk
674,675,,Simon Rusk
675,676,,Jay Robinson
676,677,,Jayden Moore
677,678,,Dominic Solanke-Mitchell
678,679,,Ashley Phillips
679,680,,Brandon Austin
680,681,,Rodrigo Bentancur
681,682,,Lucas Bergvall
682,683,,Yves Bissouma
683,684,,Bryan Gil Salvatierra
684,685,,Ben Davies
685,686,,Alfie Devine
686,687,,Radu Drăgușin
687,688,,Emerson Leite de Souza Junior
688,689,,Fraser Forster
689,690,,Archie Gray
690,691,,Pierre-Emile Højbjerg
691,692,,Brennan Johnson
692,693,,Dejan Kulusevski
693,694,,Giovani Lo Celso
694,695,,James Maddison
695,696,,Pedro Porro
696,697,,Sergio Reguilón
697,698,,Richarlison de Andrade
698,699,,Cristian Romero
699,700,,Pape Matar Sarr
700,701,,Dane Scarlett
701,702,,Manor Solomon
702,703,,Son Heung-min
703,704,,Djed Spence
704,705,,Destiny Udogie
705,706,,Micky van de Ven
706,707,,Alejo Véliz
707,708,,Guglielmo Vicario
708,709,,Timo Werner
709,710,,Alfie Whiteman
710,711,,Will Lankshear
711,712,,Mikey Moore
712,713,,Wilson Odobert
713,714,,Callum Olusesi
714,715,,Malachi Hardy
715,716,,Luca Williams-Barnett
716,717,,Alfie Dorrington
717,718,,Maeson King
718,719,,Antonín Kinsky
719,720,,Min-Hyeok Yang
720,721,,Damola Ajayi
721,722,,Ange Postecoglou
722,723,,Dante Cassanova
723,724,,Kevin Danso
724,725,,Mathys Tel
725,726,,Evan Ferguson
726,727,,Aaron Wan-Bissaka
727,728,,Edson Álvarez Velázquez
728,729,,Michail Antonio
729,730,,Alphonse Areola
730,731,,Jarrod Bowen
731,732,,Vladimír Coufal
732,733,,Aaron Cresswell
733,734,,George Earthy
734,735,,Emerson Palmieri dos Santos
735,736,,Łukasz Fabiański
736,737,,Wes Foderingham
737,738,,Danny Ings
738,739,,Max Kilman
739,740,,Mohammed Kudus
740,741,,Luis Guilherme Lira dos Santos
741,742,,Lucas Tolentino Coelho de Lima
742,743,,Konstantinos Mavropanos
743,744,,Nayef Aguerd
744,745,,Tomáš Souček
745,746,,James Ward-Prowse
746,747,,Kurt Zouma
747,748,,Andy Irving
748,749,,Crysencio Summerville
749,750,,Guido Rodríguez
750,751,,Niclas Füllkrug
751,752,,Jean-Clair Todibo
752,753,,Kaelan Casey
753,754,,Carlos Soler
754,755,,Ollie Scarles
755,756,,Ezra Mayers
756,757,,Lewis Orford
757,758,,Graham Potter
758,759,,Sam Johnstone
759,760,,Rayan Aït-Nouri
760,761,,Boubacar Traoré
761,762,,Jean-Ricner Bellegarde
762,763,,Daniel Bentley
763,764,,Francisco Jorge Tomás Oliveira
764,765,,Tawanda Chirewa
765,766,,Leon Chiwome
766,767,,Luke Cundle
767,768,,Matheus Santos Carneiro Da Cunha
768,769,,Craig Dawson
769,770,,Matt Doherty
770,771,,Tommy Doyle
771,772,,Fábio Silva
772,773,,Nathan Fraser
773,774,,Enso González
774,775,,Gonçalo Manuel Ganchinho Guedes
775,776,,Hugo Bueno López
776,777,,Hwang Hee-chan
777,778,,Joe Hodge
778,779,,Ki-Jana Hoever
779,780,,João Victor Gomes da Silva
780,781,,José Malheiro de Sá
781,782,,Saša Kalajdžić
782,783,,Tom King
783,784,,Mario Lemina
784,785,,Yerson Mosquera
785,786,,Nélson Cabral Semedo
786,787,,Pedro Cardoso de Lima
787,788,,Daniel Castelo Podence
788,789,,Rodrigo Martins Gomes
789,790,,Santiago Bueno
790,791,,Pablo Sarabia
791,792,,Jørgen Strand Larsen
792,793,,Toti António Gomes
793,794,,Bastien Meupiyou
794,795,,André Trindade da Costa Neto
795,796,,Carlos Roberto Forbs Borges
796,797,,Alfie Pond
797,798,,Tom Edozie
798,799,,Wes Okoduwa
799,800,,Emmanuel Agbadou
800,801,,Vítor Manuel de Oliveira Lopes Pereira
801,802,,Nasser Djiga
802,803,,Marshall Munetsi
803,804,,Mateus Mané
804,805,,Folarin Balogun
805,806,,Cédric Alves Soares
806,807,,Mohamed Elneny
807,808,,Marcus Oliveira Alencar
808,809,,Nicolas Pépé
809,810,,Rúnar Alex Rúnarsson
810,811,,Takehiro Tomiyasu
811,812,,Granit Xhaka
812,813,,Charles Sagoe
813,814,,Reuell Walters
814,815,,Bradley Ibrahim
815,816,,Mauro Bandeira
816,817,,James Sweet
817,818,,Alexandre Moreno Lopera
818,819,,Calum Chambers
819,820,,Philippe Coutinho Correia
820,821,,Keinan Davis
821,822,,Douglas Luiz Soares de Paulo
822,823,,Jaden Philogene-Bidace
823,824,,Morgan Sanson
824,825,,Bertrand Traoré
825,826,,Wesley Moraes Ferreira da Silva
826,827,,Nicolò Zaniolo
827,828,,Clément Lenglet
828,829,,Sam Proctor
829,830,,Tommi O'Reilly
830,831,,James Wright
831,832,,Finley Munroe
832,833,,Lander Emery
833,834,,Siriki Dembélé
834,835,,Ryan Fredericks
835,836,,Gavin Kilkenny
836,837,,Jamal Lowe
837,838,,Emiliano Marcondes
838,839,,Kieffer Moore
839,840,,Ben Pearson
840,841,,Darren Randolph
841,842,,Joe Rothwell
842,843,,Dominic Solanke
843,844,,Ionuț Radu
844,845,,Ben Greenwood
845,846,,Michael Dacosta Gonzalez
846,847,,Ellery Balcombe
847,848,,Shandon Baptiste
848,849,,Mads Bech Sørensen
849,850,,Mads Bidstrup
850,851,,Sergi Canós Tenés
851,852,,Matthew Cox
852,853,,Halil Dervişoğlu
853,854,,Charlie Goode
854,855,,Thomas Strakosha
855,856,,Yegor Yarmoliuk
856,857,,Michael Olakigbe
857,858,,Saman Ghoddos
858,859,,Ji-Soo Kim
859,860,,Valintino Adedokun
860,861,,Vincent Angelini
861,862,,Yunus Konak
862,863,,Steven Alzate
863,864,,Aaron Connolly
864,865,,Michał Karbownik
865,866,,Tom McGill
866,867,,Kaoru Mitoma
867,868,,Kjell Scherpen
868,869,,Andi Zeqiri
869,870,,Anssumane Fati Vieira
870,871,,Ben Jackson
871,872,,Joshua Duffus
872,873,,Leigh Kavanagh
873,874,,Luca Barrington
874,875,,Samy Chouchane
875,876,,Noël Atom
876,877,,Enock Agyei
877,878,,Ameen Al-Dakhil
878,879,,Samuel Bastien
879,880,,Manuel Benson Hedilazio
880,881,,Jordan Beyer
881,882,,Josh Brownhill
882,883,,Darko Churlinov
883,884,,Jack Cork
884,885,,Dara Costelloe
885,886,,Josh Cullen
886,887,,CJ Egan-Riley
887,888,,Hjalmar Ekdal
888,889,,Lyle Foster
889,890,,Denis Franchi
890,891,,Jóhann Berg Gudmundsson
891,892,,Luke McNally
892,893,,Michael Obafemi
893,894,,Bailey Peacock-Farrell
894,895,,Connor Roberts
895,896,,Jay Rodriguez
896,897,,Bobby Thomas
897,898,,Scott Twine
898,899,,Lawrence Vigouroux
899,900,,Victor da Silva
900,901,,Wout Weghorst
901,902,,Anass Zaroury
902,903,,Zeki Amdouni
903,904,,James Trafford
904,905,,Nathan Redmond
905,906,,Luca Koleosho
906,907,,Jacob Bruun Larsen
907,908,,Owen Dodgson
908,909,,Hannes Delcroix
909,910,,Aaron Ramsey
910,911,,Han-Noah Massengo
911,912,,Mike Trésor
912,913,,Lorenz Assignon
913,914,,Maxime Esteve
914,915,,Ethan Ampadu
915,916,,Pierre-Emerick Aubameyang
916,917,,César Azpilicueta
917,918,,Abdul Rahman Baba
918,919,,Christian Pulisic
919,920,,Gabriel Słonina
920,921,,Thiago Emiliano da Silva
921,922,,Hakim Ziyech
922,923,,Mason Burstow
923,924,,Bashir Humphreys
924,925,,Eddie Beach
925,926,,Diego Manuel Jadon da Silva Moreira
926,927,,Ronnie Stutter
927,928,,Alex Matos
928,929,,Josh Brooking
929,930,,Leo Castledine
930,931,,Ollie Harrison
931,932,,Jimi Tauriainen
932,933,,Teddy Sharman-Lowe
933,934,,Kiano Dyer
934,935,,Ted Curd
935,936,,Zak Sturge
936,937,,Vicente Guaita
937,938,,Michael Olise
938,939,,Luke Plange
939,940,,Jairo Riedewald
940,941,,James Tomkins
941,942,,Joe Whitworth
942,943,,John-Kymani Gordon
943,944,,Ademola Ola-Adebomi
944,945,,Jadan Raymond
945,946,,Tayo Adaramola
946,947,,Roshaun Mathurin
947,948,,André Tavares Gomes
948,949,,Seamus Coleman
949,950,,Dele Alli
950,951,,Jean-Philippe Gbamin
951,952,,Demarai Gray
952,953,,Ellis Simms
953,954,,Andy Lonergan
954,955,,Arnaut Danjuma Groeneveld
955,956,,Thomas Cannon
956,957,,Tyler Onyango
957,958,,Mackenzie Hunt
958,959,,Elijah Campbell
959,960,,Lewis Warrington
960,961,,Billy Crellin
961,962,,Ivan Neves Abreu Cavaleiro
962,963,,Tyrese Francois
963,964,,Anthony Knockaert
964,965,,Terence Kongolo
965,966,,Aleksandar Mitrović
966,967,,João Palhinha Gonçalves
967,968,,Marek Rodák
968,969,,Luc De Fougerolles
969,970,,Matthew Dibley-Dias
970,971,,Fodé Ballo-Touré
971,972,,Devan Tanton
972,973,,Kristian Sekularac
973,974,,Joshua King
974,975,,Adrián San Miguel del Castillo
975,976,,Stefan Bajcetic
976,977,,Fabio Henrique Tavares
977,978,,Jordan Henderson
978,979,,Joel Matip
979,980,,Thiago Alcántara do Nascimento
980,981,,Wataru Endo
981,982,,Luke Chambers
982,983,,Callum Scanlon
983,984,,Marcelo de Araújo Pitaluga Filho
984,985,,Owen Beck
985,986,,Kaide Gordon
986,987,,Lewis Koumas
987,988,,Fabian Mrozek
988,989,,Albert Sambi Lokonga
989,990,,Marvelous Nakamba
990,991,,Elijah Adebayo
991,992,,Mads Juel Andersen
992,993,,Amari'i Bell
993,994,,Luke Berry
994,995,,Reece Burke
995,996,,Allan Campbell
996,997,,Jordan Clark
997,998,,Alfie Doughty
998,999,,Luke Freeman
999,1000,,Matt Macey
1000,1001,,John McAtee
1001,1002,,Carlos Mendes Gomes
1002,1003,,Carlton Morris
1003,1004,,Admiral Muskwe
1004,1005,,Fred Onyedinma
1005,1006,,Gabriel Osho
1006,1007,,Aribim Pepple
1007,1008,,Dion Pereira
1008,1009,,Dan Potts
1009,1010,,Glen Rea
1010,1011,,James Shea
1011,1012,,Joe Taylor
1012,1013,,Elliot Thorpe
1013,1014,,Jack Walton
1014,1015,,Louie Watson
1015,1016,,Cauley Woodrow
1016,1017,,Teden Mengi
1017,1018,,Ryan Giles
1018,1019,,Tom Lockyer
1019,1020,,Pelly Ruddock Mpanzu
1020,1021,,Tahith Chong
1021,1022,,Thomas Kaminski
1022,1023,,Jacob Brown
1023,1024,,Aidan Francis-Clarke
1024,1025,,Tim Krul
1025,1026,,Joseph Johnson
1026,1027,,Andros Townsend
1027,1028,,Jayden Luker
1028,1029,,Zack Nelson
1029,1030,,Daiki Hashioka
1030,1031,,Axel Piesold
1031,1032,,Dominic Dos Santos Martins
1032,1033,,Christian Chigozie
1033,1034,,Taylan Harris
1034,1035,,João Cancelo
1035,1036,,Aymeric Laporte
1036,1037,,Riyad Mahrez
1037,1038,,Máximo Perrone
1038,1039,,Rodrigo Hernandez
1039,1040,,Sergio Gómez
1040,1041,,Zack Steffen
1041,1042,,Mahamadou Susoho
1042,1043,,Micah Hamilton
1043,1044,,Alex Telles
1044,1045,,Brandon Williams
1045,1046,,Eric Bailly
1046,1047,,Álvaro Fernández Carreras
1047,1048,,Frederico Rodrigues de Paula Santos
1048,1049,,Anthony Martial
1049,1050,,Raphaël Varane
1050,1051,,Shola Shoretire
1051,1052,,Donny van de Beek
1052,1053,,Omari Forson
1053,1054,,Radek Vítek
1054,1055,,Daniel Gore
1055,1056,,Sofyan Amrabat
1056,1057,,Joe Hugill
1057,1058,,Willy Kambwala
1058,1059,,Rhys Bennett
1059,1060,,Habeeb Ogunneye
1060,1061,,Louis Jackson
1061,1062,,Harrison Ashby
1062,1063,,Karl Darlow
1063,1064,,Martin Dubravka
1064,1065,,Mark Gillespie
1065,1066,,Jeff Hendrick
1066,1067,,Javier Manquillo Gaitán
1067,1068,,Matt Ritchie
1068,1069,,Allan Saint-Maximin
1069,1070,,Kell Watts
1070,1071,,Loris Karius
1071,1072,,Paul Dummett
1072,1073,,Amadou Diallo
1073,1074,,Ben Parkinson
1074,1075,,Michael Ndiweni
1075,1076,,Travis Hernes
1076,1077,,Nuno Varela Tavares
1077,1078,,Brandon Aguilera Zamora
1078,1079,,Harry Arter
1079,1080,,Serge Aurier
1080,1081,,Giulian Biancone
1081,1082,,Steve Cook
1082,1083,,Mohamed Dräger
1083,1084,,Felipe Augusto de Almeida Monteiro
1084,1085,,Remo Freuler
1085,1086,,Ethan Horvath
1086,1087,,Cheikhou Kouyaté
1087,1088,,Richie Laryea
1088,1089,,Loïc Mbe Soh
1089,1090,,Scott McKenna
1090,1091,,Moussa Niakhaté
1091,1092,,Braian Ojeda Rodríguez
1092,1093,,Gustavo Henrique Furtado Scarpa
1093,1094,,Jonjo Shelvey
1094,1095,,Sam Surridge
1095,1096,,Olu Aina
1096,1097,,George Shelvey
1097,1098,,Josh Powell
1098,1099,,Gonzalo Montiel
1099,1100,,Divock Origi
1100,1101,,Jamie McDonnell
1101,1102,,Detlef Esapa Osong
1102,1103,,Joe Gardner
1103,1104,,Giovanni Reyna
1104,1105,,Rodrigo Duarte Ribeiro
1105,1106,,Auston Trusty
1106,1107,,Anel Ahmedhodžić
1107,1108,,Jordan Amissah
1108,1109,,George Baldock
1109,1110,,Chris Basham
1110,1111,,Jayden Bogle
1111,1112,,Rhian Brewster
1112,1113,,Ismaila Coulibaly
1113,1114,,Adam Davies
1114,1115,,John Egan
1115,1116,,John Fleck
1116,1117,,Max Lowe
1117,1118,,Oliver McBurnie
1118,1119,,Rhys Norrington-Davies
1119,1120,,Oliver Norwood
1120,1121,,Ben Osborn
1121,1122,,Jack Robinson
1122,1123,,Anis Slimane
1123,1124,,Yasser Larouci
1124,1125,,Bénie Traoré
1125,1126,,Vini de Souza Costa
1126,1127,,Femi Seriki
1127,1128,,Louie Marsh
1128,1129,,Andre Brooks
1129,1130,,Antwoine Hackford
1130,1131,,Gustavo Hamer
1131,1132,,Tom Davies
1132,1133,,Ryan Oné
1133,1134,,Jili Buyabu
1134,1135,,Sydie Peck
1135,1136,,Ben Brereton
1136,1137,,Ivo Grbic
1137,1138,,Billy Blacker
1138,1139,,Oliver Arblaster
1139,1140,,Dovydas Sasnauskas
1140,1141,,Sam Curtis
1141,1142,,Owen Hampson
1142,1143,,Eric Dier
1143,1144,,Harry Kane
1144,1145,,Hugo Lloris
1145,1146,,Tanguy Ndombélé Alvaro
1146,1147,,Ivan Perišić
1147,1148,,Joe Rodon
1148,1149,,Davinson Sánchez
1149,1150,,Japhet Tanganga
1150,1151,,Jamie Donley
1151,1152,,Yago de Santiago Alonso
1152,1153,,Radu Dragusin
1153,1154,,Tyrese Hall
1154,1155,,Saïd Benrahma
1155,1156,,Conor Coventry
1156,1157,,Lukasz Fabianski
1157,1158,,Pablo Fornals Malla
1158,1159,,Thilo Kehrer
1159,1160,,Gianluca Scamacca
1160,1161,,Nikola Vlašić
1161,1162,,Angelo Ogbonna
1162,1163,,Joseph Anang
1163,1164,,Oliver Scarles
1164,1165,,Callum Marshall
1165,1166,,Bendegúz Bolla
1166,1167,,Jonathan Castro Otto
1167,1168,,Bruno Cavaco Jordão
1168,1169,,Sasa Kalajdzic
1169,1170,,Matija Šarkić
1170,1171,,Matthew Whittingham
1171,1172,,Justin Hubner
1172,1173,,Owen Hesketh
1173,1174,,Ty Barnett
1174,1175,,Harvey Griffiths
1175,1176,,Noha Lemina
1176,1177,,Wesley Okoduwa
1177,1178,,Fletcher Holman
1178,1179,,Temple Ojinnaka
1179,1180,,Pablo Marí Villar
1180,1181,,Lucas Torreira di Pascua
1181,1182,,Matthew Smith
1182,1183,,Lino Sousa
1183,1184,,Anwar El Ghazi
1184,1185,,Frédéric Guilbert
1185,1186,,Ludwig Augustinsson
1186,1187,,Kaine Kesler Hayden
1187,1188,,Sebastian Revan
1188,1189,,Travis Patterson
1189,1190,,Junior Stanislas
1190,1191,,Jack Stacey
1191,1192,,Jordan Zemura
1192,1193,,Christian Saydee
1193,1194,,Owen Bevan
1194,1195,,Cameron Plain
1195,1196,,Euan Pollock
1196,1197,,Matías Viña
1197,1198,,Max Kinsey-Wellings
1198,1199,,Pontus Jansson
1199,1200,,Marcus Forss
1200,1201,,Dominic Thompson
1201,1202,,Fin Stevens
1202,1203,,Tristan Crama
1203,1204,,Yegor Yarmolyuk
1204,1205,,Enock Mwepu
1205,1206,,Taylor Richards
1206,1207,,Haydon Roberts
1207,1208,,Matt Clarke
1208,1209,,Ed Turns
1209,1210,,James Furlong
1210,1211,,Marcos Alonso
1211,1212,,Mateo Kovacic
1212,1213,,N'Golo Kanté
1213,1214,,Ruben Loftus-Cheek
1214,1215,,Robert Kenedy Nunes do Nascimento
1215,1216,,Edouard Mendy
1216,1217,,Kalidou Koulibaly
1217,1218,,Harvey Vale
1218,1219,,Denis Zakaria
1219,1220,,Omari Hutchinson
1220,1221,,Ethan Wady
1221,1222,,James McArthur
1222,1223,,Christian Benteke
1223,1224,,Luka Milivojevic
1224,1225,,Wilfried Zaha
1225,1226,,Nathan Ferguson
1226,1227,,Joseph Whitworth
1227,1228,,Killian Phillips
1228,1229,,Kofi Balmer
1229,1230,,Owen Goodman
1230,1231,,Jack Wells-Morrison
1231,1232,,Salomón Rondón
1232,1233,,Allan Marques Loureiro
1233,1234,,Yerry Mina
1234,1235,,Niels Nkounkou
1235,1236,,Rúben Nascimento Vinagre
1236,1237,,Stanley Mills
1237,1238,,Eldin Jakupovic
1238,1239,,Kyle John
1239,1240,,Isaac Price
1240,1241,,Sean McAllister
1241,1242,,Shane Duffy
1242,1243,,Nathaniel Chalobah
1243,1244,,Neeskens Kebano
1244,1245,,Joe Bryan
1245,1246,,Paulo Gazzaniga Farias
1246,1247,,Josh Onomah
1247,1248,,Daniel James
1248,1249,,Terry Ablade
1249,1250,,Layvin Kurzawa
1250,1251,,Stefan Parkes
1251,1252,,Sasa Lukic
1252,1253,,George Wickens
1253,1254,,Charlie Robinson
1254,1255,,Kasper Schmeichel
1255,1256,,Ryan Bertrand
1256,1257,,Marc Albrighton
1257,1258,,Nampalys Mendy
1258,1259,,Daniel Amartey
1259,1260,,Ayoze Pérez
1260,1261,,Kelechi Iheanacho
1261,1262,,Çaglar Söyüncü
1262,1263,,Lewis Brunt
1263,1264,,Dennis Praet
1264,1265,,Alex Smithies
1265,1266,,Joe Wormleighton
1266,1267,,Mateus Cardoso Lemos Martins
1267,1268,,Wanya Marçal-Madivadua
1268,1269,,Liam Cooper
1269,1270,,Luke Ayling
1270,1271,,Mateusz Klich
1271,1272,,Adam Forshaw
1272,1273,,Rodrigo Moreno
1273,1274,,Stuart Dallas
1274,1275,,Patrick Bamford
1275,1276,,Diego Llorente
1276,1277,,Tyler Roberts
1277,1278,,Robin Koch
1278,1279,,Raphael Dias Belloli
1279,1280,,Jamie Shackleton
1280,1281,,Pascal Struijk
1281,1282,,Kristoffer Klaesson
1282,1283,,Sam Greenwood
1283,1284,,Illan Meslier
1284,1285,,Junior Firpo Adames
1285,1286,,Lewis Bate
1286,1287,,Joe Gelhardt
1287,1288,,Leo Fuhr Hjelde
1288,1289,,Rasmus Kristensen
1289,1290,,Marc Roca Junqué
1290,1291,,Brenden Aaronson
1291,1292,,Darko Gyabi
1292,1293,,Luis Sinisterra Lucumí
1293,1294,,Cody Drameh
1294,1295,,Joel Robles
1295,1296,,Wilfried Gnonto
1296,1297,,Mateo Joseph Fernández
1297,1298,,Sonny Perkins
1298,1299,,Maximilian Wöber
1299,1300,,Weston McKennie
1300,1301,,Jeremiah Chilokoa-Mullen
1301,1302,,Diogo Pinheiro Monteiro
1302,1303,,Alex Oxlade-Chamberlain
1303,1304,,Roberto Firmino
1304,1305,,Naby Keita
1305,1306,,Calvin Ramsay
1306,1307,,Arthur Henrique Ramos de Oliveira Melo
1307,1308,,Luke Mbete-Tabu
1308,1309,,Claudio Gomes
1309,1310,,Ben Knight
1310,1311,,Alex Robertson
1311,1312,,Jack Butland
1312,1313,,Cristiano Ronaldo dos Santos Aveiro
1313,1314,,David De Gea Quintana
1314,1315,,Phil Jones
1315,1316,,Zidane Iqbal
1316,1317,,Matej Kovár
1317,1318,,Nathan Bishop
1318,1319,,Marcel Sabitzer
1319,1320,,Marc Jurado Gomez
1320,1321,,Federico Fernández
1321,1322,,Ciaran Clark
1322,1323,,Dwight Gayle
1323,1324,,Lyle Taylor
1324,1325,,Jack Colback
1325,1326,,Brice Samba
1326,1327,,Carlos Ribeiro Dias
1327,1328,,Joe Lolley
1328,1329,,Xande Nascimento da Costa Silva
1329,1330,,Jesse Lingard
1330,1331,,Oliver Hammond
1331,1332,,Renan Augusto Lodi dos Santos
1332,1333,,Loïc Badé
1333,1334,,Dale Taylor
1334,1335,,Jordan Smith
1335,1336,,Keylor Navas
1336,1337,,André Ayew
1337,1338,,Ainsley Maitland-Niles
1338,1339,,Theo Walcott
1339,1340,,Oriol Romeu Vidal
1340,1341,,Stuart Armstrong
1341,1342,,Mohamed Elyounoussi
1342,1343,,Che Adams
1343,1344,,Nathan Tella
1344,1345,,Lyanco Silveira Neves Vojnovic
1345,1346,,Yan Valery
1346,1347,,Ibrahima Diallo
1347,1348,,Romain Perraud
1348,1349,,Moussa Djenepo
1349,1350,,Mohammed Salisu
1350,1351,,Willy Caballero
1351,1352,,Joe Ayodele-Aribo
1352,1353,,Duje Caleta-Car
1353,1354,,Lewis Payne
1354,1355,,Ryan Finnigan
1355,1356,,Jimmy Morgan
1356,1357,,Mislav Orsic
1357,1358,,Carlos Alcaraz
1358,1359,,Kamari Doyle
1359,1360,,Dominic Ballard
1360,1361,,Lucas Rodrigues Moura da Silva
1361,1362,,Steven Bergwijn
1362,1363,,Harvey White
1363,1364,,Troy Parrott
1364,1365,,Romaine Mundle
1365,1366,,George Abbott
1366,1367,,Matthew Craig
1367,1368,,Manuel Lanzini
1368,1369,,Arthur Masuaku
1369,1370,,Vladimir Coufal
1370,1371,,Nikola Vlasic
1371,1372,,Tomas Soucek
1372,1373,,Armstrong Oko-Flex
1373,1374,,Krisztián Hegyi
1374,1375,,Rúben da Silva Neves
1375,1376,,João Filipe Iria Santos Moutinho
1376,1377,,Jackson Smith
1377,1378,,Joseph Hodge
1378,1379,,Connor Ronan
1379,1380,,Chem Campbell
1380,1381,,Diego Da Silva Costa
1381,1382,,Dexter Lembikisa
